{
    "title" : "CV Satria Amien Tho'at",
    "bio" : 
        {
            "name" : "Satria Amien Tho'at",
            "job" : "Mahasiswa S1 Informatika  Univ. Telkom ",
            "birth" : "Sragen, 24 Juli 1999",
            "profile" : "Tahu goreng, Tempe kripik, Pecel lele",
            "phone" : "081358126378",
            "mail" : "samient@ymail.com"
        },
"sosmed" :       
        {
            "fb" : "satriaamien",
            "ig" : "satriaamien",
            "twitter" :"-"
        },
        "prof_pict" : "img/boy.png"

}
